{
  "hash": "6c39abb5",
  "configHash": "6af3f3b6",
  "lockfileHash": "145385c8",
  "browserHash": "89f470d0",
  "optimized": {
    "vue": {
      "src": "../../../node_modules/.pnpm/vue@3.5.26_typescript@5.9.3/node_modules/vue/dist/vue.runtime.esm-bundler.js",
      "file": "vue.js",
      "fileHash": "cae7673d",
      "needsInterop": false
    },
    "vitepress > @vue/devtools-api": {
      "src": "../../../node_modules/.pnpm/@vue+devtools-api@7.7.9/node_modules/@vue/devtools-api/dist/index.js",
      "file": "vitepress___@vue_devtools-api.js",
      "fileHash": "e26c8269",
      "needsInterop": false
    },
    "vitepress > @vueuse/core": {
      "src": "../../../node_modules/.pnpm/@vueuse+core@12.8.2_typescript@5.9.3/node_modules/@vueuse/core/index.mjs",
      "file": "vitepress___@vueuse_core.js",
      "fileHash": "1f063813",
      "needsInterop": false
    },
    "vitepress > @vueuse/integrations/useFocusTrap": {
      "src": "../../../node_modules/.pnpm/@vueuse+integrations@12.8.2_3607a93f49f910749812c6dd5e39bddb/node_modules/@vueuse/integrations/useFocusTrap.mjs",
      "file": "vitepress___@vueuse_integrations_useFocusTrap.js",
      "fileHash": "df85d132",
      "needsInterop": false
    },
    "vitepress > mark.js/src/vanilla.js": {
      "src": "../../../node_modules/.pnpm/mark.js@8.11.1/node_modules/mark.js/src/vanilla.js",
      "file": "vitepress___mark__js_src_vanilla__js.js",
      "fileHash": "738caf96",
      "needsInterop": false
    },
    "vitepress > minisearch": {
      "src": "../../../node_modules/.pnpm/minisearch@7.2.0/node_modules/minisearch/dist/es/index.js",
      "file": "vitepress___minisearch.js",
      "fileHash": "3eed116e",
      "needsInterop": false
    },
    "medium-zoom": {
      "src": "../../../node_modules/.pnpm/medium-zoom@1.1.0/node_modules/medium-zoom/dist/medium-zoom.esm.js",
      "file": "medium-zoom.js",
      "fileHash": "580263e3",
      "needsInterop": false
    },
    "vitepress-plugin-codeblocks-fold": {
      "src": "../../../node_modules/.pnpm/vitepress-plugin-codeblocks-fold@1.2.35/node_modules/vitepress-plugin-codeblocks-fold/lib/index.js",
      "file": "vitepress-plugin-codeblocks-fold.js",
      "fileHash": "2edf3113",
      "needsInterop": false
    },
    "@nolebase/vitepress-plugin-inline-link-preview/client": {
      "src": "../../../node_modules/.pnpm/@nolebase+vitepress-plugin-_c232f728da0ff3256306b45b38cd828c/node_modules/@nolebase/vitepress-plugin-inline-link-preview/dist/client/index.mjs",
      "file": "@nolebase_vitepress-plugin-inline-link-preview_client.js",
      "fileHash": "41937855",
      "needsInterop": false
    },
    "@nolebase/vitepress-plugin-highlight-targeted-heading/client": {
      "src": "../../../node_modules/.pnpm/@nolebase+vitepress-plugin-_0aefca1d2bc45263c3111357ba58a13a/node_modules/@nolebase/vitepress-plugin-highlight-targeted-heading/dist/client/index.mjs",
      "file": "@nolebase_vitepress-plugin-highlight-targeted-heading_client.js",
      "fileHash": "01736efe",
      "needsInterop": false
    },
    "@theojs/lumen": {
      "src": "../../../node_modules/.pnpm/@theojs+lumen@3.6.0_typescript@5.9.3/node_modules/@theojs/lumen/types/index.ts",
      "file": "@theojs_lumen.js",
      "fileHash": "7773edd4",
      "needsInterop": false
    },
    "vitepress-plugin-comment-with-giscus": {
      "src": "../../../node_modules/.pnpm/vitepress-plugin-comment-wi_cf1b37e55f20fcccc31bf74df6925fc7/node_modules/vitepress-plugin-comment-with-giscus/lib/giscus.js",
      "file": "vitepress-plugin-comment-with-giscus.js",
      "fileHash": "d5fe7f5e",
      "needsInterop": false
    },
    "@shikijs/vitepress-twoslash/client": {
      "src": "../../../node_modules/.pnpm/@shikijs+vitepress-twoslash@1.29.2_typescript@5.9.3/node_modules/@shikijs/vitepress-twoslash/dist/client.mjs",
      "file": "@shikijs_vitepress-twoslash_client.js",
      "fileHash": "7ffe3e6d",
      "needsInterop": false
    },
    "busuanzi.pure.js": {
      "src": "../../../node_modules/.pnpm/busuanzi.pure.js@1.0.3/node_modules/busuanzi.pure.js/index.js",
      "file": "busuanzi__pure__js.js",
      "fileHash": "e8fe4233",
      "needsInterop": true
    },
    "axios": {
      "src": "../../../node_modules/.pnpm/axios@1.13.2/node_modules/axios/index.js",
      "file": "axios.js",
      "fileHash": "a077d722",
      "needsInterop": false
    },
    "marked": {
      "src": "../../../node_modules/.pnpm/marked@14.1.4/node_modules/marked/lib/marked.esm.js",
      "file": "marked.js",
      "fileHash": "f7a63577",
      "needsInterop": false
    },
    "canvas-confetti": {
      "src": "../../../node_modules/.pnpm/canvas-confetti@1.9.4/node_modules/canvas-confetti/dist/confetti.module.mjs",
      "file": "canvas-confetti.js",
      "fileHash": "b7562951",
      "needsInterop": false
    }
  },
  "chunks": {
    "twikoo.all.min-PUAEXZBK": {
      "file": "twikoo__all__min-PUAEXZBK.js"
    },
    "giscus-aTimukGI-HPSEZD2P": {
      "file": "giscus-aTimukGI-HPSEZD2P.js"
    },
    "chunk-KVHDPNTO": {
      "file": "chunk-KVHDPNTO.js"
    },
    "chunk-THHJGIDA": {
      "file": "chunk-THHJGIDA.js"
    },
    "chunk-L6OFPWCY": {
      "file": "chunk-L6OFPWCY.js"
    }
  }
}